trigramme,prénom,nom,photo,téléphone,email,emploi
CTR,claudia,TESSIER,Selection_999(638).jpg,0678125666,ctr@mobilis.fr,planificateur
EBD,élisa,BERAND,Selection_999(635).jpg,0678541296,ebd@mobilis.fr,livreur
SWL,sophie,WHEEL,Selection_999(634).jpg,0685698568,swl@mobilis.fr,livreur
MPK,marja,POLIK,Selection_999(633).jpg,0612885685,mpk@mobilis.fr,livreur
CMJ,citeb,MARUJ,Selection_999(632).jpg,0657477854,cmj@mobilis.fr,livreur
MKR,malik,KEPLER,Selection_999(630).jpg,0685584112,mkr@mobilis.fr,livreur
OET,olga,EKKART,Selection_999(626).jpg,0652145821,oet@mobilis.fr,livreur
MJO,mylène,JODO,Selection_999(625).jpg,0658952241,mjo@mobilis.fr,planificateur
AAA,anais,ANNA,Selection_999(631).jpg,0657813525,aaa@mobilis.fr,livreur
WKT,wong,KENT,Selection_999(628).jpg,0658548526,wkt@mobilis.fr,livreur
CJE,carolyn,JUNE,Selection_999(627).jpg,0658400001,cje@mobilis.fr,livreur
MPT,michel,PARROT,Selection_999(637).jpg,0689752214,mpt@mobilis.fr,livreur
PMT,paul,MERLOT,Selection_999(639).jpg,0644732212,pmt@mobilis.fr,livreur
MNL,maurice,NEEL,Selection_999(629).jpg,0652251251,mnl@mobilis.fr,livreur
KMR,koi,MERCIER,Selection_999(624).jpg,0652146524,kmr@mobilis.fr,planificateur
RNI,robert,NULI,Selection_999(636).jpg,0609856325,rni@mobilis.fr,livreur
ABM,ahmed,BOTOM,Selection_999(623).jpg,06212118525,abm@mobilis.fr,planificateur